,name,Chukar.Occurrence
1,Abbott,A
2,Abbott Lake,A
3,Abbott NW,A
4,Abeytas,A
5,Abiquiu,A
6,Abo,A
7,Abreu Canyon,A
8,Acme,A
9,Acoma Pueblo,A
10,Adams Diggings,A
11,Aden Crater,A
12,Aden Hills,A
13,Adobe Downs Ranch,A
14,Afton,A
15,Afton NW,A
16,Agua Fria,A
17,Agua Fria Peak,A
18,Akela,A
19,Alameda,A
20,Alamito,A
21,Alamo Mesa East,A
22,Alamo Mesa West,A
23,Alamo Mountain,A
24,Alamo Mountain NE,A
25,Alamo Ranch,A
26,Alamogordo North,A
27,Alamogordo South,A
28,Alamosa Canyon,A
29,Alamosa Creek,A
30,Albert,A
31,Albuquerque East,A
32,Albuquerque West,A
33,Alegres Mountain,A
34,Algerita Canyon,A
35,Alire,A
36,Alivio,A
37,Allie Canyon,A
38,Alma,A
39,Alma Mesa,A
40,Alps Mesa,A
41,Alston Ranch,A
42,Alto De Hormiga,A
43,Amalia,A
44,Ambrosia Lake,A
45,Amistad,A
46,Amistad SE,A
47,Anastacio Spring,A
48,Ancho,A
49,Anderson Peak,A
50,Andrews Place,A
51,Angel Draw,A
52,Angus,A
53,Animas,A
54,Animas Peak,A
55,Animas Peak NE,A
56,Antelope Hill,A
57,Antelope Lookout Mesa,A
58,Antelope Pass,A
59,Antelope Ridge,A
60,Antelope Sink,A
61,Anthony,A
62,Anton Chico,A
63,Apache Canyon,A
64,Apache Gap,A
65,Apache Mesa,A
66,Apache Peak,A
67,Apache Springs,A
68,Apache Summit,A
69,Applegate Mountain,A
70,Arabela,A
71,Aragon,A
72,Aragon Hill,A
73,Arch,A
74,Arch Mesa,A
75,Arch NE,A
76,Arch NW,A
77,Archuleta,A
78,Ares Peak,A
79,Armstrong Canyon,A
80,Arrosa Ranch,A
81,Arrowhead Well,A
82,Arroyo Alamocito,A
83,Arroyo Chijuillita,A
84,Arroyo Cuervo,A
85,Arroyo de las Calabacillas,A
86,Arroyo Del Agua,A
87,Arroyo Del Alamo,A
88,Arroyo Empedrado,A
89,Arroyo Hondo,A
90,Arroyo Landavaso,A
91,Arroyo Seco,A
92,Arroyo Serrano East,A
93,Arroyo Serrano West,A
94,Artesia,A
95,Artesia NE,A
96,Ash Mountain,A
97,Aspen Basin,A
98,Atarque Lake,A
99,Atencio,A
100,Augustine Well,A
101,Aurora,A
102,Avis,A
103,Azotea Peak,A
104,Aztec,A
105,B T Ranch,A
106,Badger Lake,A
107,Baily Points,A
108,Baldy Mountain,A
109,Bancos Mesa,A
110,Bancos Mesa NW,A
111,Bandanna Point,A
112,Bar C Bar Ranch,A
113,Bar Y Ranch,A
114,Bard,A
115,Barn Draw,A
116,Barth Well,A
117,Bascom Camp,A
118,Basin Well,A
119,Bassett Lake,A
120,Bay Buck Peaks,A
121,Beacon Hill,A
122,Bear Mountain,A
123,Bear Peak,A
124,Bear Spring,A
125,Bear Springs Peak,A
126,Bearwallow Mountain,A
127,Beaver Canyon,A
128,Becenti Lake,A
129,Becker,A
130,Becker SW,A
131,Beclabito,P
132,Bedford Hill,A
133,Beenham,A
134,Beenham SW,A
135,Belen,A
136,Belen NW,A
137,Belen SW,A
138,Bell Lake,A
139,Bell Mountain,A
140,Bell Peak,A
141,Bell Ranch,A
142,Bellview,A
143,Benavidez Ranch,A
144,Bennett Mountain,A
145,Bernalillo,A
146,Bernalillo NW,A
147,Bethel,A
148,Bible Top Butte,A
149,Big Costilla Peak,A
150,Big Gyp Mountain,A
151,Big Hatchet Peak,A
152,Big Lue Mountains,A
153,Big Rock Hill,A
154,Big Sinks,A
155,Bigbee Draw,A
156,Bighorn Peak,A
157,Billy Rice Canyon,A
158,Bisbee Hills,A
159,Bishop Cap,A
160,Bishop Ranch,A
161,Bisti Trading Post,A
162,Bitter Creek,A
163,Bitter Lake,A
164,Bixler Ranch,A
165,Black Bluffs,A
166,Black Butte,A
167,Black Canyon,A
168,Black Hill,A
169,Black Mesa,A
170,Black Mountain,A
171,Black Peak,A
172,Black Point,A
173,Black River Village,A
174,Blackwater Hill,A
175,Blaines Lake,A
176,Blakemore Well,A
177,Blanco,A
178,Blanco Trading Post,A
179,Bland,A
180,Bledsoe,A
181,Bledsoe NE,A
182,Bledsoe SW,A
183,Blind Gap,A
184,Bloomfield,A
185,Blue,A
186,Blue Hills,A
187,Blue Hole,A
188,Blue Mesa,A
189,Blue Mountain,A
190,Bluewater,A
191,Bluff Springs,A
192,Bluit,A
193,Boiler Gap,A
194,Bond Draw,A
195,Bonine Canyon,A
196,Bonner Canyon,A
197,Bonner Lake,A
198,Bookout Ranch,A
199,Bootleg Ridge,A
200,Borica,A
201,Borica SW,A
202,Borrego Pass,A
203,Bosque Peak,A
204,Bottomless Lakes,A
205,Bowlin Ranch,A
206,Box Canyon Ranch,A
207,Box Lake,A
208,Brazos,A
209,Brazos Peak,A
210,Bread Springs,A
211,Briscoe Ranch,A
212,Broadview,A
213,Brockman,A
214,Broke Off Mountain,A
215,Broken Back Crater,A
216,Bronco,A
217,Bronco NE,A
218,Broom Mountain,A
219,Brushy Mountain,A
220,Buckeye,A
221,Buckeye NE,A
222,Buckeye NW,A
223,Buckhorn,A
224,Buell Park,A
225,Bueyeros,A
226,Bueyeros NE,A
227,Buffalo Springs,A
228,Bug Scuffle Canyon,A
229,Bull Basin,A
230,Bull Canyon,A
231,Bull Gap,A
232,Bull Gap SW,A
233,Bullard Peak,A
234,Bulldog Mesa,A
235,Bullis Spring Ranch,A
236,Burned Mountain,A
237,Burned Timber Canyon,A
238,Burnham Trading Post,A
239,Burnt Corral Canyon,A
240,Burnt Mesa,A
241,Burro Lake,A
242,Burro Peak,A
243,Bustos Well,A
244,Button Mesa NE,A
245,Button Mesa North,A
246,Button Mesa South,A
247,C Bar Ranch,A
248,C-N Lake,A
249,Caballo,A
250,Cabezon Peak,A
251,Cabin Wells,A
252,Cabra Hill,A
253,Cactus Tank,A
254,Cal Ship Mesa,A
255,Caliente Canyon North,A
256,Caliente Canyon South,A
257,Camaleon Draw East,A
258,Camaleon Draw West,A
259,Cambray,A
260,Camel Mountain,A
261,Cammak Camp,A
262,Campana,A
263,Campbell,A
264,Campbell Well,A
265,Canada,A
266,Canada Calladita,A
267,Canada Colorado,A
268,Canada Ojitos,A
269,Canador Peak,A
270,Canal Creek,P
271,Candy Mesa,A
272,Canjilon,A
273,Canjilon Mountain,A
274,Canjilon SE,A
275,Canon Agua Buena,A
276,Canon Ancho,A
277,Canon Colorado,A
278,Canon Encierro,A
279,Canon Las Cuevas,A
280,Canon Olguin,A
281,Canon Pedroso,A
282,Canon Plaza,A
283,Canoncito School,A
284,Canones,A
285,Cantaralo Spring,A
286,Canteen Canyon,A
287,Canyon Creek Mountains,A
288,Canyon Hill,A
289,Capilla Peak,A
290,Capitan,A
291,Capitan Pass,A
292,Capitan Peak,A
293,Capitol Dome,A
294,Capitol Peak,A
295,Capitol Peak SE,A
296,Caprock,A
297,Caprock Mountain,A
298,Captain Davis Mountain,A
299,Capulin,A
300,Car Top Butte,A
301,Carbon Springs,A
302,Carlsbad Caverns,A
303,Carlsbad East,A
304,Carlsbad West,A
305,Carne,A
306,Carnero Peak,A
307,Carpenter Mesa NW,A
308,Carpenter Mesa SW,A
309,Carracas Canyon,A
310,Carrisito Spring,A
311,Carrizozo East,A
312,Carrizozo West,A
313,Carson,A
314,Carson Trading Post,A
315,Casa Colorada,A
316,Casa Grande,A
317,Casa Grande SW,A
318,Casa Salazar,A
319,Casamero Lake,A
320,Cat Mesa,A
321,Cat Mountain,A
322,Catfish Falls,A
323,Caudill Ranch,A
324,Causey East,A
325,Causey West,A
326,Cawley Draw,A
327,Ceadro Spring SE,A
328,Cebolla,A
329,Cebollita Peak,A
330,Cedar Canyon,A
331,Cedar Hill,A
332,Cedar Point,A
333,Cedar Point SE,A
334,Cedarvale,A
335,Cedarvale NE,A
336,Cement Lake,A
337,Center Peak,A
338,Centerfire Bog,A
339,Centerville Corner,A
340,Cerro,A
341,Cerro Alesna,A
342,Cerro Alto,A
343,Cerro Brillante,A
344,Cerro Conejo,A
345,Cerro De Corazon,A
346,Cerro De La Campana,A
347,Cerro De La Campana SE,A
348,Cerro De La Olla,A
349,Cerro De Los Taoses,A
350,Cerro del Grant,A
351,Cerro Del Oro,A
352,Cerro Hueco,A
353,Cerro Montoso,A
354,Cerro Negro,A
355,Cerro Parido,A
356,Cerro Pelon,A
357,Cerro Pomo,A
358,Cerro Prieto,A
359,Cerro Tinaja,A
360,Cerro Verde,A
361,Cerro Vista,A
362,Chacon,A
363,Chafin Well,A
364,Chama,A
365,Chaperito,A
366,Charette Lake,A
367,Cherokee Valley,A
368,Cherry Valley Lake,A
369,Chi Chil Tah,A
370,Chicken Mountain,A
371,Chili,A
372,Chilili,A
373,Chimayo,A
374,Chimney Hill,A
375,Chimney Lake,A
376,Chimney Rock,A
377,Chinaberry Canyon,A
378,Chise,A
379,Chivita Canyon,A
380,Chromo Mountain,A
381,Chupadera,A
382,Chupadera Spring,A
383,Chupadero Mountain,A
384,Church Mountain,A
385,Church Rock,A
386,Chuska Lake,A
387,Chuska Peak,A
388,Cienega Ranch,A
389,Cienega School,A
390,Cimarron,A
391,Cimarron SE,A
392,Ciniza,A
393,Circle Bar Ranch,A
394,Circle Mesa,A
395,Circle S Mesa,A
396,Cistern Draw,A
397,Clanton Draw,A
398,Clapham,A
399,Clark Spring Canyon,A
400,Claunch,A
401,Claunch SE,A
402,Clayton,A
403,Clayton SW,A
404,Clements Ranch,A
405,Cleones Tank,A
406,Cliff,A
407,Clifton House,A
408,Clines Corners,A
409,Cloudcroft,A
410,Clovis,A
411,Cobert Mesa South,A
412,Cochiti Dam,A
413,Colfax,A
414,Collier Draw,A
415,Collins Park,A
416,Colmor,A
417,Colonias,A
418,Colorado Canyon,A
419,Columbus,A
420,Columbus NE,A
421,Columbus SE,A
422,Comanche Peak,A
423,Comanche Point,A
424,Comanche Ranch,A
425,Comanche Spring,A
426,Conchas Dam,A
427,Conejo Creek East,A
428,Conejo Creek West,A
429,Connor Well,A
430,Continental Divide,A
431,Cooley Lake,A
432,Cooper Canyon,A
433,Cooper Ranch,A
434,Cooper-Good Ranch,A
435,Copperas Peak,A
436,Cordova Canyon,A
437,Corlena NW,A
438,Corn Ranch,A
439,Corner Well,A
440,Cornucopia Canyon,A
441,Cornucopia Ranch,A
442,Cornucopia Ranch SE,A
443,Cornudas Mountain,A
444,Corona South,A
445,Corono North,A
446,Correo,A
447,Costilla,A
448,Cotton City,A
449,Cottonwood Canyon,A
450,Cottonwood Draw,A
451,Cottonwood Hills,A
452,Cottonwood Springs,A
453,Counselor,A
454,Cow Canyon,A
455,Cow Mountain,A
456,Cow Springs,A
457,Cow Springs Mountain,A
458,Cowboy Mesa,A
459,Cowboy Mesa NE,A
460,Cowboy Mesa NW,A
461,Cowboy Mesa SW,A
462,Cowles,A
463,Cox Peak,A
464,Coyote Canyon,A
465,Coyote Canyon NW,A
466,Coyote Draw,A
467,Coyote Hill,A
468,Coyote Mesa,A
469,Coyote Peak,A
470,Crevasse Canyon,A
471,Crocker,A
472,Crookson Peak,A
473,Crosby Springs,A
474,Cross L Ranch,A
475,Cross L Ranch SW,A
476,Crossroads,A
477,Crow Mesa East,A
478,Crow Mesa West,A
479,Crow Point,A
480,Crownpoint,A
481,Cruzville,A
482,Crystal,A
483,Cuates School,A
484,Cub Mountain,A
485,Cuba,A
486,Cubero,A
487,Cuchillo,A
488,Cuervo,A
489,Culberson Ranch,A
490,Culp Canyon,A
491,Culp Draw,A
492,Culp Ranch,A
493,Cunavea Basin,A
494,Cundiyo,A
495,Curlew Lake,A
496,Curlew Lake SE,A
497,Curtis Camp,A
498,Custer Mountain,A
499,Cutter,A
500,Cutter Canyon,A
501,D Cross Mountain,A
502,Dale Mountain,A
503,Dalies,A
504,Dalies NW,A
505,Dallas Store,A
506,Dalton Pass,A
507,Dark Canyon,A
508,Datil,A
509,Davies Tank,A
510,Dawson,A
511,Day Canyon,A
512,Dayton,A
513,Deadman Canyon,A
514,Deadman Lake,A
515,Dean Ranch,A
516,Deep Well,A
517,Deer Mesa,A
518,Deering Place,A
519,Delgadita Mesa,A
520,Delphos,A
521,Deming East,A
522,Deming West,A
523,Denton Camp,A
524,Derrick Draw,A
525,Des Moines,A
526,Desert,A
527,Desert NE,A
528,Desert SE,A
529,Desert SW,A
530,Devils Well,A
531,Dexter East,A
532,Dexter West,A
533,Diablo Range,A
534,Diamond A Ranch,A
535,Diamond Mound,A
536,Dilia,A
537,Dillon Mountain,A
538,Divine Lake,A
539,Dog Lake,A
540,Dog Mountains,A
541,Dog Springs,A
542,Domingo Peak,A
543,Dona Ana,A
544,Dora,A
545,Dora NW,A
546,Dora SW,A
547,Dorsey Ranch,A
548,Dos Lomas,A
549,Double Wells,A
550,Doubtful Canyon,A
551,Dough Mountain,A
552,Doyle Hill,A
553,Doyle Peak,A
554,Dugout Canyon,A
555,Dulce,A
556,Dulce Draw,A
557,Duncan,A
558,Dunken,A
559,Dunlap,A
560,Dunlap NE,A
561,Dunlap Ranch,A
562,Dunlap Sill,A
563,Duoro,A
564,Duran,A
565,Duran NE,A
566,Dusty,A
567,Dwyer,A
568,Dwyer SE,A
569,Eagle Eye Peak,A
570,Eagle Mountain,A
571,Eagle Nest,A
572,Eagle Peak,A
573,Eagle Tail Mountain,A
574,Ear Rock,A
575,East Fork Kutz Canyon,A
576,East Gavilan Canyon,A
577,East Lake,A
578,East Mesa,A
579,East of Great Bend,A
580,East of Grey Hill Spring,A
581,Echo Amphitheater,A
582,Edgewood,A
583,Eighteenmile Hill,A
584,Eightmile Draw,A
585,El Cabo,A
586,El Cuervo Butte,A
587,El Dado,A
588,El Dado Mesa,A
589,El Morro,A
590,El Morro Mesa,A
591,El Morro Ranch,A
592,El Morro Ranch NW,A
593,El Morro Ranch SE,A
594,El Paso Canyon,A
595,El Paso Draw,A
596,El Paso Gap,A
597,El Porvenir,A
598,El Rito,A
599,El Vado,A
600,El Valle,A
601,Elephant Butte,A
602,Elephant Mountain,A
603,Elida,A
604,Elida SE,A
605,Elk,A
606,Elk Mountain,A
607,Elk-Silver,A
608,Elkins,A
609,Elsie Canyon,A
610,Elwood,A
611,Emery Peak,A
612,Encino,A
613,Encino Draw,A
614,Encinoso,A
615,Endee Hill,A
616,Engine Mountain,A
617,Engle,A
618,Escabosa,A
619,Escondido Mountains,A
620,Escudilla Mountain,A
621,Espanola,A
622,Espinosa Ranch,A
623,Espuela,A
624,Estancia,A
625,Eunice,A
626,Eunice NE,A
627,Eunice SE,A
628,Ewing,A
629,Fairview Mountain,A
630,Fairview Well,A
631,Fallon Ranch,A
632,Farley,A
633,Farmington North,A
634,Farmington South,A
635,Farwell,A
636,Faywood Station,A
637,Felt SW,A
638,Fence Canyon,A
639,Fence Lake,A
640,Fence Lake SW,A
641,Fiddler Springs,A
642,Field,A
643,Field Ranch,A
644,Field SE,A
645,Field SW,A
646,Fifteenmile Lake,A
647,Fire Rock Well,A
648,Firman Canyon,A
649,Fitzpatricks,A
650,Five Lakes Canyon NE,A
651,Five Lakes Canyon NW,A
652,Flagstone Mountain,A
653,Fleck Draw,A
654,Flora Vista,A
655,Florida,A
656,Florida Gap,A
657,Floyd,A
658,Floyd SE,A
659,Flying H,A
660,Flying H NE,A
661,Flying H NW,A
662,Flying M Ranch,A
663,Flying W Mountain,A
664,Folsom,A
665,Forrest,A
666,Fort Bayard,A
667,Fort Craig,A
668,Fort Defiance,A
669,Fort Ranch,A
670,Fort Stanton,A
671,Fort Sumner East,A
672,Fort Sumner West,A
673,Fort Union,A
674,Fort Wingate,A
675,Foster Lake,A
676,Foster Ranch,A
677,Foster Well,A
678,Four V Ranch,A
679,Fourmile Canyon,A
680,French,A
681,French Mesa,A
682,Fresno Canyon,A
683,Frier Ranch,A
684,Frijoles,A
685,Fruitland,A
686,Frutosa Lake,A
687,Fuentes Ranch,A
688,Fuller Ranch,A
689,Fullerton,A
690,Gacho Hill,A
691,Gacho Hill NW,A
692,Gacho Hill SE,A
693,Gacho Hill SW,A
694,Gage,A
695,Gage NW,A
696,Gage SE,A
697,Gage SW,A
698,Galisteo,A
699,Gallegos,A
700,Gallegos NE,A
701,Gallegos Trading Post,A
702,Gallina,A
703,Gallinas Peak,A
704,Gallo Mountains East,A
705,Gallo Mountains West,A
706,Gallo Spring Canyon,A
707,Gallo Spring Canyon NE,A
708,Gallup East,A
709,Gallup West,A
710,Gammil Well,A
711,Gammil Well NE,A
712,Gammil Well SE,A
713,Garcia Creek,A
714,Garcia Peak,A
715,Garden Spring Canyon,A
716,Gardner Peak,A
717,Garfield,A
718,Garrett Ranch,A
719,Garrison,A
720,Garton Lake,A
721,Gary,A
722,Gascon,A
723,Gate Canyon,A
724,George Ranch,A
725,Ghost Ranch,A
726,Gibbons Ranch,A
727,Gila Hot Springs,A
728,Gillespie Mountain,A
729,Gilman,A
730,Gilmore Draw,A
731,Gladiola,A
732,Gladstone,A
733,Gladstone NW,A
734,Glenrio,A
735,Glenwood,A
736,Glorieta,A
737,Goat Camp Spring,A
738,Goat Canyon,A
739,Goat Hill,A
740,Goat Mountain,A
741,Goat Ridge,A
742,Goat Spring,A
743,Gobernador,A
744,Godfrey Peak,A
745,Goetsch Lake,A
746,Gold Hill,A
747,Golden,A
748,Golden Ranch,A
749,Goldenburg Draw,A
750,Golondrina Draw,A
751,Golondrina Well,A
752,Gomez Ranch,A
753,Gonzales Mesa,A
754,Good Sight Peak,A
755,Good Sight Peak NE,A
756,Goodson School,A
757,Gould Pass,A
758,Gowdy Ranch,A
759,Grady,A
760,Grady SW,A
761,Grama Ridge,A
762,Gran Quivira,A
763,Grandmother Mountain East,A
764,Grandmother Mountain West,A
765,Granite Mountain,A
766,Granjean Well,A
767,Granny Mountain,A
768,Grants,A
769,Grants SE,A
770,Granville Canyon,A
771,Grapevine Draw,A
772,Grassy Lookout,A
773,Great Bend,A
774,Greendailey Canyon,A
775,Greens Baber Well,A
776,Greenwood Lake,A
777,Greg Hills,A
778,Grenville,A
779,Grenville SW,A
780,Grey Hill Spring,A
781,Grouse Mountain,A
782,Guadalupe,A
783,Guadalupe Canyon,A
784,Guadalupe Mountain,A
785,Guadalupe Pass,A
786,Guadalupe Spring,A
787,Guadalupita,A
788,Guaje Mountain,A
789,Gunsight Canyon,A
790,Guy,A
791,Guzmans Lookout Mountain,A
792,Gym Peak,A
793,Hachita,A
794,Hachita Peak,A
795,Hackberry Hill,A
796,Hackberry Lake,A
797,Hackberry Ranch,A
798,Hagan,A
799,Hagerman,A
800,Hagerman SW,A
801,Hammond Ranch,A
802,Hammond Ranch SW,A
803,Hampton Ranch,A
804,Harben Lake,A
805,Hard Ground Flats,A
806,Harden Cienega,A
807,Hardscrabble Mountains,A
808,Harriet Ranch,A
809,Harvey Ranch,A
810,Hasperos Camp,A
811,Hassell,A
812,Hat Top Mountain,A
813,Hatch,A
814,Hatchet Ranch,A
815,Hay Mesa,A
816,Hayden,A
817,Haystack Butte,A
818,Haystack Mountain,A
819,Headcut Reservoir,A
820,Heart of the Sands,A
821,Heart of the Sands NE,A
822,Heart of the Sands NW,A
823,Heart of the Sands SW,A
824,Heart Rock,A
825,Heifer Point,A
826,Hembrillo Basin,A
827,Hembrillo Canyon,A
828,Hendricks Peak,A
829,Henshaw Tank,A
830,Hermanas,A
831,Hermanas NW,A
832,Hernandez Lake,A
833,Heron Reservoir,A
834,Herrera,A
835,Hickman Ranch,A
836,High Lonesome Well,A
837,High Rolls,A
838,Hillburn City,A
839,Hillburn City SW,A
840,Hillsboro,A
841,Hillsboro Peak,A
842,Hilo Peak,A
843,Hobbs East,A
844,Hobbs SE,A
845,Hobbs SW,A
846,Hobbs West,A
847,Hockett,A
848,Holloman,A
849,Holman,A
850,Holt Mountain,A
851,Holt Tank,A
852,Holy Ghost Spring,A
853,Hondo Reservoir,A
854,Honey Boy Ranch,A
855,Hope,A
856,Hope NE,A
857,Hope NW,A
858,Hope SE,A
859,Horcado Ranch,A
860,Horn Canyon,A
861,Horney Ranch,A
862,Horse Lake,A
863,Horse Mesa,A
864,Horse Mountain,A
865,Horse Mountain East,A
866,Horse Mountain West,A
867,Horse Pasture Tank,A
868,Horsehead Canyon,A
869,Horsehead Canyon NW,A
870,Horseshoe Bend,A
871,Horseshoe Bend NW,A
872,Hospah,A
873,Hosta Butte,A
874,House,A
875,House Canyon,A
876,House SE,A
877,Howell Ranch,A
878,Hubbell Spring,A
879,Hudson,A
880,Huerfanito Peak,A
881,Huerfano Hill,A
882,Huerfano Trading Post,A
883,Huerfano Trading Post NW,A
884,Huerfano Trading Post SW,A
885,Huff Hill,A
886,Hugh Lake,A
887,Humble City,A
888,Humble City NE,A
889,Humble City NW,A
890,Humble City SE,A
891,Hunter Mesa,A
892,Hunter Wash,A
893,Hunters Point,A
894,Hurley East,A
895,Hurley West,A
896,Ice Caves,A
897,Ice Caves SE,A
898,Illinois Camp,A
899,Illinois Camp NE,A
900,Illinois Camp SE,A
901,Ima,A
902,Ima NW,A
903,Ima SE,A
904,Ima SW,A
905,Indian Bathtub,A
906,Indian Bluff,A
907,Indian Draw,A
908,Indian Flats,A
909,Indian Mesa,A
910,Indian Peak,A
911,Indian Peaks East,A
912,Indian Peaks West,A
913,Indian Spring Canyon,A
914,Indian Well Wilderness,A
915,Ingram Lake,A
916,Ione,A
917,Iron Mountain,A
918,Ironhouse Draw,A
919,Ironhouse Well,A
920,Isleta,A
921,Jacinto Mesa,A
922,Jacob Spring,A
923,Jal,A
924,Jal NE,A
925,Jal NW,A
926,Jal SE,A
927,Jaralosa Mountain,A
928,Jaritas Ranch,A
929,Jarosa,A
930,Javelina Basin,A
931,Jemez Pueblo,A
932,Jemez Springs,A
933,Jicarilla Peak,A
934,Jicarita Peak,A
935,John Kerr Peak,A
936,John Mills Lake,A
937,Johnson Park,A
938,Johnson Ranch,A
939,Johnson Trading Post,A
940,Jones Canyon,A
941,Jones Ranch School,A
942,Jordan,A
943,Juan Lake,A
944,Juan Largo Canyon East,A
945,Juan Largo Canyon West,A
946,Jug Canyon,A
947,Jumping Spring,A
948,Kansas Valley,A
949,Kansas Valley Lake,A
950,Kellog Well,A
951,Kenna,A
952,Kenna SW,A
953,Kenton,A
954,Kenton SW,A
955,Kerlin Hill,A
956,Kettner Canyon,A
957,Kilbourne Hole,A
958,Kimbeto,A
959,Kin Klizhin Ruins,A
960,Kincaid Ranch,A
961,King Camp,A
962,King Draw,A
963,Kingston,A
964,Kiowa,A
965,Kirtland,A
966,Kirtland SE,A
967,Kirtland SW,A
968,Kitchen Cove,A
969,Koehler,A
970,Koger Ranch,A
971,Krider,A
972,Kyle Harrison Canyon,A
973,L E Ranch,A
974,La Chata Crater,A
975,La Cinta Canyon,A
976,La Cinta Mesa,A
977,La Espia Peak,A
978,La Gotera,A
979,La Jara Peak,A
980,La Joya,A
981,La Joya NW,A
982,La Liendre,A
983,La Madera,A
984,La Mesa,A
985,La Mesita Negra,A
986,La Mesita Negra SE,A
987,La Paloma Canyon,A
988,La Plata,A
989,La Rendija,A
990,La Segita Peaks,A
991,La Segita Peaks NE,A
992,La Silla,A
993,La Union,A
994,La Ventana,A
995,La Vida Mission,A
996,Ladron Peak,A
997,Laguna,A
998,Laguna Canoneros,A
999,Laguna Castillo,A
1000,Laguna De Los Terreros,A
1001,Laguna Del Perro North,A
1002,Laguna Del Perro South,A
1003,Laguna Gatuna,A
1004,Laguna Gatuna NW,A
1005,Laguna Gurule,A
1006,Laguna Honda,A
1007,Laguna Huerfana,A
1008,Laguna La Monia,A
1009,Laguna Ortiz,A
1010,Laguna Peak,A
1011,Laguna Seca,A
1012,Lagunitas Creek,A
1013,Lake Armijo,A
1014,Lake Isabel,A
1015,Lake Lucero,A
1016,Lake Lucero NE,A
1017,Lake Lucero SE,A
1018,Lake Mcmillan North,A
1019,Lake Mcmillan South,A
1020,Lake Valley,A
1021,Lanark,A
1022,Lane Salt Lake,A
1023,Lang Canyon,A
1024,Lapis Point,A
1025,Largo Mesa,A
1026,Las Cruces,A
1027,Las Nutrias,A
1028,Las Tablas,A
1029,Las Vegas,A
1030,Las Vegas NW,A
1031,Las Vegas SE,A
1032,Latir Peak,A
1033,Lava,A
1034,Lawrence Arroyo,A
1035,Lazy E Ranch,A
1036,Lea,A
1037,Leandro Canyon,A
1038,Leasburg,A
1039,Leavry Canyon,A
1040,Lemitar,A
1041,Lesbia,A
1042,Lewis Canyon,A
1043,Lewis Peak,A
1044,Lewis Peak NE,A
1045,Lewiston Lake,A
1046,Leyba,A
1047,Liberty Mesa,A
1048,Lilley Mountain,A
1049,Lincoln,A
1050,Lindrith,A
1051,Lingo,A
1052,Lion Mountain,A
1053,Lion Mountain NW,A
1054,Lisbon,A
1055,Little Black Mountain,A
1056,Little Black Peak,A
1057,Little Black Peak NE,A
1058,Little Grande,A
1059,Little San Pascual Mountain,A
1060,Little Turkey Park,A
1061,Little Water,A
1062,Livingston Ridge,A
1063,Llaves,A
1064,Llonidas Lake,A
1065,Lobo Hill,A
1066,Lobo Hill NE,A
1067,Lobo Hill SE,A
1068,Lobo Hill SW,A
1069,Lobo Springs,A
1070,Lockney,A
1071,Loco Arroyo,A
1072,Loco Canyon,A
1073,Loco Draw,A
1074,Loco Hills,A
1075,Loco Knoll,A
1076,Loco Mountain,A
1077,Log Canyon,A
1078,Logan NE,A
1079,Logan North,A
1080,Logan South,A
1081,Loma Creston,A
1082,Loma De Las Canas,A
1083,Loma Machete,A
1084,Loma Parda,A
1085,Lomas Gatos,A
1086,Lone Mountain,A
1087,Lone Wolf,A
1088,Long Draw,A
1089,Longhorn Reservoir,A
1090,Lookout Mountain,A
1091,Lordsburg,A
1092,Los Cordovas,A
1093,Los Griegos,A
1094,Los Indios Canyon,A
1095,Los Lunas,A
1096,Los Lunas SE,A
1097,Los Medanos,A
1098,Los Montoyas,A
1099,Los Pilares,A
1100,Los Pinos,A
1101,Lost River,A
1102,Lovelace Mesa,A
1103,Lovelady Draw,A
1104,Loving,A
1105,Lovington,A
1106,Lovington NW,A
1107,Lovington SE,A
1108,Lovington SW,A
1109,Lower Colonias,A
1110,Lucero,A
1111,Lucky Lake,A
1112,Lucy,A
1113,Luera Mountains East,A
1114,Luera Mountains NW,A
1115,Luera Mountains West,A
1116,Luis Lopez,A
1117,Lumley Lake,A
1118,Lumley Lake NE,A
1119,Lumley Lake NW,A
1120,Luna,A
1121,Luna Lake,A
1122,Lupton,A
1123,Lybrook,A
1124,Lybrook NW,A
1125,Lybrook SE,A
1126,Lyden,A
1127,Mack Tanks,A
1128,Madre Mountain,A
1129,Madrid,A
1130,Maes,A
1131,Magdalena,A
1132,Magdalena Gap,A
1133,Magdalena Peak,A
1134,Malaga,A
1135,Maljamar,A
1136,Maljamar NE,A
1137,Malone Draw,A
1138,Malpais Hill,A
1139,Malpie Mountain,A
1140,Malstrom Ranch,A
1141,Maness Peak,A
1142,Mangas,A
1143,Mangas Mountain,A
1144,Mangas Springs,A
1145,Manuelito,A
1146,Manzano Peak,A
1147,Maple Peak,A
1148,Mariano Lake,A
1149,Mariano Springs,A
1150,Marley Draw,A
1151,Marmon Ranch,A
1152,Marquez,A
1153,Martha Creek,A
1154,Martin Draw,A
1155,Massacre Peak,A
1156,Maverick Mountain,A
1157,Maxson Crater,A
1158,Maxwell,A
1159,Mayhill,A
1160,McAlister,A
1161,McCarty Ranch,A
1162,McCartys,A
1163,McClede Mountain,A
1164,McCloy Ranch,A
1165,McClure Reservoir,A
1166,McLaughlin Bridge,A
1167,McLeod Tank,A
1168,McVeigh Hills,A
1169,McWilliams Canyon,A
1170,Meadow Hill,A
1171,Mecate Meadow,A
1172,Medanales,A
1173,Medina Mesa,A
1174,Melena,A
1175,Melrose East,A
1176,Melrose SE,A
1177,Melrose West,A
1178,Mesa,A
1179,Mesa Cencerro,A
1180,Mesa Cherisco,A
1181,Mesa Chupinas,A
1182,Mesa Cortada,A
1183,Mesa De Los Toros,A
1184,Mesa Del Yeso,A
1185,Mesa Draw,A
1186,Mesa El Toro,A
1187,Mesa Gallina,A
1188,Mesa Gigante,A
1189,Mesa Larga,A
1190,Mesa Lauriano,A
1191,Mesa Leon,A
1192,Mesa Palo Amarillo,A
1193,Mesa Parada,A
1194,Mesa Pino,A
1195,Mesa Portales,A
1196,Mesa Redonda,A
1197,Mesa Sarca,A
1198,Mesa SE,A
1199,Mesa SW,A
1200,Mesas Mojinas,A
1201,Mescalero,A
1202,Mescalero Point,A
1203,Mescalero Point NE,A
1204,Mesita,A
1205,Mesita Americana,A
1206,Mesita De Guadalupe,A
1207,Mesita De Yeso,A
1208,Mesita Del Gato,A
1209,Mesita Del Gavilan,A
1210,Mesquite Lake,A
1211,Miami,A
1212,Miami NE,A
1213,Middle Mesa,A
1214,Midway,A
1215,Midway Butte,A
1216,Milagro,A
1217,Milagro Spring,A
1218,Milan,A
1219,Milbourn Ranch,A
1220,Milk Lake,A
1221,Milligan Mountain,A
1222,Mills East,A
1223,Mills West,A
1224,Milnesand,A
1225,Milnesand NW,A
1226,Milnesand SW,A
1227,Minese Mesa,A
1228,Minnie Butte,A
1229,Mitten Rock,A
1230,Mockingbird Gap,A
1231,Mockingbird Gap SE,A
1232,Mogollon,A
1233,Mogollon Baldy Peak,A
1234,Mogote Hills,A
1235,Mogote Peak,A
1236,Mojonera Canyon,A
1237,Molino Peak,A
1238,Moncisco Wash,A
1239,Mondel,A
1240,Monero,A
1241,Monica Saddle,A
1242,Montesito Creek,A
1243,Montezuma,A
1244,Monticello,A
1245,Montoso Peak,A
1246,Montoya,A
1247,Montoya Butte,A
1248,Montoya Point,A
1249,Monument North,A
1250,Monument Point,A
1251,Monument South,A
1252,Monument SW,A
1253,Moon Ranch,A
1254,Moquino,A
1255,Mora,A
1256,Mora Ranch,A
1257,Moreno Hill,A
1258,Moriarty North,A
1259,Moriarty South,A
1260,Moses,A
1261,Mosquero,A
1262,Mound Springs,A
1263,Mount Aden,A
1264,Mount Aden SW,A
1265,Mount Baldy,A
1266,Mount Dora,A
1267,Mount Nebo,A
1268,Mount Riley,A
1269,Mount Riley SE,A
1270,Mount Sedgwick,A
1271,Mount Taylor,A
1272,Mount Washington,A
1273,Mount Withington,A
1274,Mountain Tank,A
1275,Mountainair,A
1276,Mountainair NE,A
1277,Muir Ranch,A
1278,Mule Canyon,A
1279,Mule Creek,A
1280,Mule Dam,A
1281,Muniz Canyon,A
1282,Myndus,A
1283,Nacimiento Peak,A
1284,Nara Visa,A
1285,Narbona Pass,A
1286,Naschitti,A
1287,Navajo Dam,A
1288,Navajo Peak,A
1289,Neafus Ranch,A
1290,Ned Houk Park,A
1291,Negra,A
1292,Negra SE,A
1293,Negra SW,A
1294,Negrito Mountain,A
1295,Nelson Canyon East,A
1296,Nelson Canyon West,A
1297,Nelson Reservoir NE,A
1298,Newcomb,A
1299,Newcomb NE,A
1300,Newcomb SE,A
1301,Newkirk,A
1302,Newman,A
1303,Newman NE,A
1304,Newman NW,A
1305,Newman SW,A
1306,Nichols Canyon,A
1307,Nicoll Lake,A
1308,Ninemile Hill,A
1309,Ninetysix Ranch,A
1310,Nogal,A
1311,Nogal Peak,A
1312,Noria,A
1313,North Lake,A
1314,North Lucy,A
1315,North Pasture,A
1316,North Peak,A
1317,North San Ysidro,A
1318,North Star Mesa,A
1319,Norton,A
1320,Nose Rock,A
1321,Nutt,A
1322,O Bar O Canyon East,A
1323,O Bar O Canyon West,A
1324,O Block Canyon,A
1325,Oak Peak,A
1326,Oak Spring,A
1327,Oasis,A
1328,Oasis State Park,A
1329,Obar,A
1330,Ocate,A
1331,Oil Center,A
1332,Ojito,A
1333,Ojito Spring,A
1334,Ojitos Frios,A
1335,Ojo Caliente,A
1336,Ojo Caliente Reservoir,A
1337,Ojo Encino Mesa,A
1338,Ojo Feliz,A
1339,Ojo Hedionda,A
1340,Ojo Negro Creek,A
1341,Ok Canyon,A
1342,Old Pine Spring,A
1343,Olive,A
1344,Omega,A
1345,Onava,A
1346,Optimo,A
1347,Organ,A
1348,Organ Peak,A
1349,Organ Peak NW,A
1350,Orndorff Ranch,A
1351,Orogrande North,A
1352,Orogrande South,A
1353,Orphan Annie Rock,A
1354,Ortega Tank,A
1355,Oscura,A
1356,Oscura Peak,A
1357,Osha Mountain,A
1358,Otero Mesa North,A
1359,Otero Mesa South,A
1360,Otero Store,A
1361,Otis,A
1362,Owl Tank Canyon East,A
1363,Owl Tank Canyon West,A
1364,P A Mountain,A
1365,P O L Ranch,A
1366,Packsaddle Canyon,A
1367,Paddys Hole,A
1368,Paduca Breaks East,A
1369,Paduca Breaks NW,A
1370,Paduca Breaks West,A
1371,Page,A
1372,Pajarita Mountain,A
1373,Pajaro Canyon,A
1374,Palma,A
1375,Palmer Mesa,P
1376,Palo Blanco Mountain,A
1377,Palo Flechado Pass,A
1378,Palomas Gap,A
1379,Panama Ranch,A
1380,Panther Canyon,A
1381,Panther Hill,A
1382,Paraje Well,A
1383,Parish Ranch,A
1384,Pastura,A
1385,Pastura NE,A
1386,Pastura SE,A
1387,Pasture Canyon,A
1388,Paxton Springs,A
1389,Peach Canyon,A
1390,Pecos,A
1391,Pecos Falls,A
1392,Pedernal,A
1393,Pedernal Arroyo,A
1394,Pedernal Creek,A
1395,Pedernal Mountain,A
1396,Pedro Miguel Peak,A
1397,Pelon Hill,A
1398,Pelona Mountain,A
1399,Penasco,A
1400,Penasco Amarillo,A
1401,Pennington,A
1402,Pep,A
1403,Pescado,A
1404,Petaca Peak,A
1405,Peters Lake,A
1406,Phantom Banks,A
1407,Picacho Mountain,A
1408,Pickett Hill,A
1409,Picture Rock,A
1410,Pie Town,A
1411,Piedra De La Aguila,A
1412,Pierce Canyon,A
1413,Pierce Peak,A
1414,Pinabetoso Peaks,A
1415,Pinavete Canyon,A
1416,Pine Buttes,A
1417,Pine Canyon,A
1418,Pine Lake,A
1419,Pinedale,A
1420,Pinehaven,A
1421,Pink Peak,A
1422,Pino Mountain,A
1423,Pinon,A
1424,Pinon Hills,A
1425,Pinon Ranch,A
1426,Pintada,A
1427,Pipeline Canyon,A
1428,Pitchfork Canyon,A
1429,Placitas,A
1430,Playas Lake North,A
1431,Playas Lake South,A
1432,Playas Peak,A
1433,Pleasant Hill,A
1434,Pleasant Hill NE,A
1435,Pleasant Hill NW,A
1436,Pleasure Lake,A
1437,Plumasano Basin,A
1438,Point of Rocks Mesa,A
1439,Polecat Draw,A
1440,Polecat Tank,A
1441,Polvadera Peak,A
1442,Ponderosa,A
1443,Pondersoa Tank,A
1444,Pope,A
1445,Portair,A
1446,Portair SW,A
1447,Portal NE,A
1448,Portales,A
1449,Portales SE,A
1450,Porter,A
1451,Post Office Flat,A
1452,Potrillo,A
1453,Potrillo Hill,A
1454,Potrillo Peak,A
1455,Pounds Mesa,A
1456,Prairie Spring,A
1457,Prairieview,A
1458,Prairieview NE,A
1459,Prairieview NW,A
1460,Prairieview SE,A
1461,Presler Lake,A
1462,Pretty Rock,A
1463,Prewitt,A
1464,Priest Tank,A
1465,Prisor Hill,A
1466,Prisor Well,A
1467,Progresso,A
1468,Progresso NE,A
1469,Progresso SE,A
1470,Progresso SW,A
1471,Pueblo Alto Trading Post,A
1472,Pueblo Bonito,A
1473,Pueblo Bonito NW,A
1474,Pueblo Peak,A
1475,Pueblo Pintado,A
1476,Pueblo Viejo Mesa,A
1477,Puerco Dam,A
1478,Puertecito,A
1479,Puertecito Gap,A
1480,Puerto Creek,A
1481,Puerto De Los Cavadores,A
1482,Puerto De Luna,A
1483,Punta de Agua,A
1484,Punta Del Chorro,A
1485,Purgatory Canyon,A
1486,Puye,A
1487,Pyramid Peak,A
1488,Quay,A
1489,Queen,A
1490,Queens Head,A
1491,Quemado,A
1492,Quemado Hills,A
1493,Questa,A
1494,Rabbit Ear Mountain,A
1495,Rael Spring,A
1496,Ragland,A
1497,Rail Canyon,A
1498,Rainsville,A
1499,Ramah,A
1500,Ramon,A
1501,Ramon SW,A
1502,Rancho del Chaparral,A
1503,Ranchos De Taos,A
1504,Ranger Lake,A
1505,Rardin Hill,A
1506,Raton,A
1507,Rattlesnake,A
1508,Rattlesnake Canyon,A
1509,Rattlesnake Hill,A
1510,Rattlesnake Spring,A
1511,Rayado,A
1512,Rayo Hills,A
1513,Reading Mountain,A
1514,Red Bluff,A
1515,Red Bluff Draw,A
1516,Red Bluff Draw East,A
1517,Red Bluff Draw West,A
1518,Red Canyon,A
1519,Red Flats,A
1520,Red Hill,A
1521,Red Lake,A
1522,Red Lake Mission,A
1523,Red Lake SE,A
1524,Red Lake Well,A
1525,Red Mountain,A
1526,Red River,A
1527,Red River Pass,A
1528,Red River Peak,A
1529,Red Valley,A
1530,Redondo Peak,A
1531,Redrock,A
1532,Reeds Peak,A
1533,Regina,A
1534,Remuda Basin,A
1535,Rencona,A
1536,Reserve,A
1537,Ricardo,A
1538,Rice Ranch,A
1539,Riley,A
1540,Riley Camp,A
1541,Rincon,A
1542,Rincon Hondo,A
1543,Rincon Marquez,A
1544,Rio Puerco,A
1545,Rippee Ranch,A
1546,Robertson Canyon,A
1547,Robinson Peak,A
1548,Rociada,A
1549,Rock Camp,A
1550,Rock House Canyon,A
1551,Rock Lake,A
1552,Rock Tank Draw,A
1553,Rocky Point,A
1554,Rodeo,A
1555,Rogers Ruins,A
1556,Romero Canyon,A
1557,Romero Spring,A
1558,Roof Butte,A
1559,Rosebud,A
1560,Rosilla Peak,A
1561,Ross Ranch,A
1562,Roswell North,A
1563,Roswell South,A
1564,Rough And Ready Hills,A
1565,Rough Mountain,A
1566,Round Mountain,A
1567,Round Mountain SE,A
1568,Round Top,A
1569,Rowe,A
1570,Roy,A
1571,Royce,A
1572,Ruidoso,A
1573,Ruidoso Downs,A
1574,Sabinata Flat,A
1575,Sabino,A
1576,Sabinoso,A
1577,Sacaton Draw,A
1578,Sacramento,A
1579,Sacramento Peak,A
1580,Sagebrush Valley East,A
1581,Sagebrush Valley West,A
1582,Saint Vrain,A
1583,Saladone Tank,A
1584,Salazar Canyon,A
1585,Salinas Peak,A
1586,Salinas Peak NW,A
1587,Salitre Canyon,A
1588,Saliz Pass,A
1589,Sallies Spring,P
1590,Salt Lake,A
1591,Saltpeter Mountain,A
1592,Salvation Peak,A
1593,Samson Lake,A
1594,San Acacia,A
1595,San Andres Peak,A
1596,San Antonio,A
1597,San Antonio Mountain,A
1598,San Antonio SE,A
1599,San Felipe Mesa,A
1600,San Felipe Pueblo,A
1601,San Felipe Pueblo NE,A
1602,San Geronimo,A
1603,San Ignacio,A
1604,San Jon,A
1605,San Jon NW,A
1606,San Jose,A
1607,San Juan,A
1608,San Juan Mesa East,A
1609,San Juan Mesa West,A
1610,San Juan Peak,A
1611,San Juan Pueblo,A
1612,San Lorenzo,A
1613,San Lorenzo Spring,A
1614,San Lucas Dam,A
1615,San Luis,A
1616,San Luis Pass,A
1617,San Marcial,A
1618,San Mateo,A
1619,San Miguel,A
1620,San Miguel Mountain,A
1621,San Pablo,A
1622,San Patricio,A
1623,San Pedro,A
1624,San Rafael,A
1625,San Ramon,A
1626,San Simon Cienega,A
1627,San Simon Ranch,A
1628,San Simon Sink,A
1629,San Ysidro,A
1630,Sanchez Springs,A
1631,Sand Canyon,A
1632,Sand Hill,A
1633,Sand Spring,A
1634,Sandia Crest,A
1635,Sandia Park,A
1636,Sanostee East,A
1637,Sanostee West,A
1638,Santa Ana Pueblo,A
1639,Santa Barbara Lake,A
1640,Santa Fe,A
1641,Santa Rita Mine,A
1642,Santa Rosa,A
1643,Santo Domingo Pueblo,A
1644,Santo Domingo Pueblo SW,A
1645,Santo Nino Canyon,A
1646,Santos Peak,A
1647,Sapello,A
1648,Sardine Lake,A
1649,Sardine Mountain,A
1650,Sargent Ranch,A
1651,Sauble Circle Dot Ranch,A
1652,Sawmill Mesa,A
1653,Sawmill Peak,A
1654,Schmitz Ranch,A
1655,Scholle,A
1656,Schram Lake,A
1657,Seboyeta,A
1658,Sedan,A
1659,Sedan NE,A
1660,Sedan SE,A
1661,Sedillo,A
1662,Selden Canyon,A
1663,Selden Canyon NE,A
1664,Sena,A
1665,Seneca,A
1666,Sentinel Butte,A
1667,Separ,A
1668,Separ NE,A
1669,Serpentine Bends,A
1670,Servilleta Plaza,A
1671,Seton Village,A
1672,Seven Lakes,A
1673,Seven Lakes NE,A
1674,Seven Lakes NW,A
1675,Seven Lakes SE,A
1676,Seven Rivers,A
1677,Seven Springs,A
1678,Shady Brook,A
1679,Shannon Canyon,A
1680,Shannon Canyon NW,A
1681,Shannon Draw,A
1682,Shaw Mountain,A
1683,Sheep Draw,A
1684,Sheep Mountain,A
1685,Sheep Springs,A
1686,Sheeppen Canyon,A
1687,Shelley Peak,A
1688,Sheridan Canyon,A
1689,Shiloh Hills,A
1690,Shiloh Hills SE,A
1691,Ship Rock,A
1692,Shiprock,A
1693,Shoemaker Canyon,A
1694,Shoemaker Canyon SE,A
1695,Sibley Hole,A
1696,Sierra Alta,A
1697,Sierra Blanca Peak,A
1698,Sierra De La Cruz,A
1699,Sierra Fijardo,A
1700,Sierra Larga North,A
1701,Sierra Larga South,A
1702,Sierra Mosca,A
1703,Sign Camp Mountain,A
1704,Silver City,A
1705,Silver Creek,A
1706,Silver Hill,A
1707,Simanola Valley,A
1708,Singer Lake,A
1709,Sixteen Canyon,A
1710,Sixteenmile Draw East,A
1711,Sixteenmile Draw West,A
1712,Skeleton Canyon,A
1713,Skinney Rock,P
1714,Skull Canyon,A
1715,Skull Mesa,A
1716,Skunk Canyon,A
1717,Skute Stone Arroyo,A
1718,Slaughter Mesa,A
1719,Sleeping Lady Hills,A
1720,Smeltertown,A
1721,Smith Ranch,A
1722,Smouse Mesa,A
1723,Snyder Lake,A
1724,Socorro,A
1725,Sofia,A
1726,Solano,A
1727,Soldier Hill,A
1728,Soldiers Farewell Hill,A
1729,Sonsela Buttes,A
1730,Souse Springs,A
1731,South Baldy,A
1732,South Butte,A
1733,South Garcia,A
1734,South Garcia SE,A
1735,South Peak,A
1736,South Pyramid Peak,A
1737,South Spring,A
1738,South Taylor Tank,A
1739,Spalding,A
1740,Spear Hills,A
1741,Spring Canyon,A
1742,Spring Lake,A
1743,Springer,A
1744,Springer Lake,A
1745,Squaw Peak,A
1746,Squirrel Springs Canyon,A
1747,Standing Rock,A
1748,Standing Rock NW,A
1749,Stanley,A
1750,Star Lake,A
1751,Stead,A
1752,Steel Hill,A
1753,Steeple Rock,A
1754,Steins,A
1755,Stockard Well,A
1756,Stone Well,A
1757,Stony Lake,A
1758,Strauss,A
1759,Strawberry Peak,A
1760,Strychnine Draw,A
1761,Sugarloaf Mountain,A
1762,Sugarloaf Peak,A
1763,Sulphur Pass,A
1764,Sulphur Spring,A
1765,Summerford Mountain,A
1766,Summit,A
1767,Sumner Dam,A
1768,Sunset,A
1769,Sunshine,A
1770,Sunshine Mesa,A
1771,Surrender Canyon,A
1772,Surveyors Canyon,A
1773,Swallow Fork Peak,A
1774,Swallow Nest Canyon,A
1775,Table Mesa,A
1776,Table Mountain,A
1777,Table Top Mountain,A
1778,Tafoya Canyon,A
1779,Taiban,A
1780,Tajique,A
1781,Tancosa Windmill,A
1782,Tank Mountain,A
1783,Tanner Lake,A
1784,Tanner Ranch,A
1785,Taos,A
1786,Taos Junction,A
1787,Taos SW,A
1788,Tapia Ranch,A
1789,Tate School,A
1790,Tatum North,A
1791,Tatum South,A
1792,Taylor Mountain,A
1793,Taylor Peak,A
1794,Taylor Ranch,A
1795,Taylor Springs,A
1796,Taylor Well,A
1797,Techado,A
1798,Tecolote,A
1799,Tecolote Peak,A
1800,Teec Nos Pos,P
1801,Tejana Mesa,A
1802,Tejana Mesa SW,A
1803,Tejon,A
1804,Tekapo,A
1805,Telephone Canyon,A
1806,Tenaja Mesa,A
1807,Tenmile Hill,A
1808,Tesuque,A
1809,Tetilla Peak,A
1810,Texas Hill,A
1811,Texline North,A
1812,Texline South,A
1813,The Divide,A
1814,The Dyke,A
1815,The Hogback North,A
1816,The Hogback South,A
1817,The Old Dry Lake,A
1818,The Pillar,A
1819,The Pillar NW,A
1820,The Rincon,A
1821,The Saltys,A
1822,The Volcanoes,A
1823,The Wall,A
1824,Thimble Canyon,A
1825,Third Canyon,A
1826,Thompson Mesa,A
1827,Thompson Ranch,A
1828,Thoreau,A
1829,Thoreau NE,A
1830,Thorn Well,A
1831,Three Rivers,A
1832,Three Rivers NW,A
1833,Three Rivers SW,A
1834,Thumb Tank Peak,A
1835,Tierra Amarilla,A
1836,Tijeras,A
1837,Tillie Hall Peak,A
1838,Tin Pan Canyon,A
1839,Tinaja Mountain,A
1840,Tinian,A
1841,Tinnie,A
1842,Tip Top Canyon,A
1843,Tip Top Wells,A
1844,Toadlena,A
1845,Todilto Park,A
1846,Togeye Lake,A
1847,Tohatchi,A
1848,Tolar,A
1849,Tolar SE,A
1850,Tolar SW,A
1851,Toltec Mesa,A
1852,Tome,A
1853,Tome NE,A
1854,Tome SE,A
1855,Tooth of Time,A
1856,Torreon,A
1857,Tortugas Mountain,A
1858,Touch-Me-Not Mountain,A
1859,Tower Hill North,A
1860,Tower Hill South,A
1861,Toyee,A
1862,Trail Lake,A
1863,Trampas,A
1864,Travesser Park,A
1865,Tres Hermanos,A
1866,Tres Hermanos Peak,A
1867,Tres Hermanos SE,A
1868,Tres Hermanos SW,A
1869,Tres Lagunas,A
1870,Tres Montosas,A
1871,Tres Orejas,A
1872,Tres Piedras,A
1873,Tres Piedras NE,A
1874,Tres Ritos,A
1875,Trinchera Creek,A
1876,Trinchera Pass,A
1877,Trinity Site,A
1878,Tripod Mountain,A
1879,Truchas,A
1880,Truchas Peak,A
1881,Trujillo,A
1882,Tsaile Butte,A
1883,Tse Bonita School,A
1884,Tsin-nas-kid,A
1885,Tub Spring,A
1886,Tucson Spring,A
1887,Tucumcari,A
1888,Tucumcari SE,A
1889,Tularosa,A
1890,Tularosa Canyon,A
1891,Tularosa NE,A
1892,Tularosa Peak,A
1893,Tule Lake,A
1894,Turkey Peak,A
1895,Turkey Ridge,A
1896,Turkey Ridge NE,A
1897,Turkey Ridge SW,A
1898,Turley,A
1899,Turquoise Hill,A
1900,Tuscocoillo Canyon,A
1901,Twentytwo Spring,A
1902,Twin Buttes,A
1903,Twin Lakes,A
1904,Twin Mesa,A
1905,Twin Mesa NW,A
1906,Twin Sisters,A
1907,Two Grey Hills,A
1908,Tyrone,A
1909,U Bar Ridge,A
1910,Underwood Lake,A
1911,Upham,A
1912,Upham Hills,A
1913,Upper Galestina Canyon,A
1914,Upper Nutria,A
1915,Upper Wheatfields,A
1916,Upton,A
1917,Ute Mountain,A
1918,Ute Park,A
1919,Valencia Spring,A
1920,Valle Bonito NE,A
1921,Valle Grande Peak,A
1922,Valle Largo,A
1923,Valle San Antonio,A
1924,Valle Toledo,A
1925,Vallecitos,A
1926,Van Bremmer Park,A
1927,Van Winkle Lake,A
1928,Vanar,A
1929,Vanderwagen,A
1930,Vanderwagen Draw,A
1931,Variadero,A
1932,Vaughn,A
1933,Veguita,A
1934,Velarde,A
1935,Venadito Camp,A
1936,Vermejo Park,A
1937,Vest Camp,A
1938,Veteado Mountain,A
1939,Vicks Peak,A
1940,Victorio Park,A
1941,Victorio Ranch,A
1942,Victorio Ranch SE,A
1943,Vigas Canyon,A
1944,Villanueva,A
1945,Wade Canyon,A
1946,Wade Ranch,A
1947,Waggoner Ranch,A
1948,Wagon Canyon,A
1949,Wagon Mound,A
1950,Wahalee Canyon,A
1951,Wahoo Peak,A
1952,Wahoo Ranch,A
1953,Walker Canyon,A
1954,Walking Cane Ranch,A
1955,Wall Lake,A
1956,Wallace Mesa,A
1957,Waller Ranch,A
1958,Walnut Wells NE,A
1959,Water Canyon,A
1960,Waterflow,A
1961,Watrous,A
1962,Watts Hill,A
1963,Weber City,A
1964,Wedding Cake Butte,A
1965,Welty Hill,A
1966,Werney Hill,A
1967,West Camp,A
1968,West Fork Rio Brazos,A
1969,West Lime Hills,A
1970,West of La Vida Mission,A
1971,Wetherly Lake,A
1972,Wheatland,A
1973,Wheeler Peak,A
1974,Wheeless,A
1975,White Flat,A
1976,White Flat SE,A
1977,White Lakes,A
1978,White Oaks North,A
1979,White Oaks South,A
1980,White Peak,A
1981,White Ridge,A
1982,White Rock,A
1983,White Sands,A
1984,White Sands NE,A
1985,White Sands SE,A
1986,White Signal,A
1987,Whitehorse,A
1988,Whitehorse Mountain,A
1989,Whitehorse Rincon,A
1990,Whiterock Mountain,A
1991,Whitetail,A
1992,Whitewater,A
1993,Whitewater Creek,A
1994,Whitewater Mountains,A
1995,Whitmire Pass,A
1996,Wild Horse Canyon,A
1997,Wilde Tank,A
1998,Wildhorse Mesa,A
1999,Wiley Mesa,A
2000,Willard,A
2001,Williams Ranch,A
2002,Williams Sink,A
2003,Williamsburg,A
2004,Williamsburg NW,A
2005,Willow Draw,A
2006,Wilson Mountain,A
2007,Wilson Ranch,A
2008,Wind Mesa,A
2009,Wind Mountain,A
2010,Windmill Draw,A
2011,Window Rock,A
2012,Winston,A
2013,Wire Lake,A
2014,Wirt Canyon,A
2015,Wolf Stand,A
2016,Woodland Park,A
2017,Woodley Flat,A
2018,Woodson Canyon,A
2019,Wright Ranch,A
2020,Wrye Peak,A
2021,Wrye Peak NW,A
2022,Wrye Peak SW,A
2023,X-7 Ranch,A
2024,Yankee,A
2025,Yates,A
2026,Yates SE,A
2027,Yellow Hill,A
2028,Yeso,A
2029,Yeso Mesa,A
2030,Yeso Mesa SE,A
2031,Yeso NW,A
2032,York Ranch,A
2033,York Ranch SE,A
2034,Youngs Lake,A
2035,Youngsville,A
2036,Zuni,A
2037,Zuni Salt Lake,A